epoch,time,train/box_loss,train/cls_loss,train/dfl_loss,metrics/precision(B),metrics/recall(B),metrics/mAP50(B),metrics/mAP50-95(B),val/box_loss,val/cls_loss,val/dfl_loss,lr/pg0,lr/pg1,lr/pg2
1,76.8869,1.73037,4.2218,1.23614,0.04642,0.53251,0.03102,0.01387,1.82994,inf,1.32206,0.000656566,0.000656566,0.000656566
2,167.255,1.96519,2.2802,1.38738,0.04642,0.53251,0.03102,0.01387,3.25056,inf,5.62817,0.00132061,0.00132061,0.00132061
3,236.463,2.05339,2.37804,1.4243,0.04642,0.53251,0.03102,0.01387,5.01398,inf,197.179,0.00198202,0.00198202,0.00198202
4,306.258,2.16793,2.69557,1.47686,0.30935,0.22291,0.14587,0.05375,2.32672,12.5932,1.62519,0.00198812,0.00198812,0.00198812
5,373.471,2.28062,2.4437,1.54643,0.29555,0.24458,0.16305,0.05906,2.28809,2.18558,1.65721,0.00198416,0.00198416,0.00198416
6,441.061,2.21071,2.37699,1.4709,0.39013,0.35294,0.29148,0.12496,1.9979,2.69257,1.42409,0.0019802,0.0019802,0.0019802
7,508.643,2.04543,2.093,1.40268,0.30081,0.35604,0.24488,0.11054,1.81013,3.76847,1.31941,0.00197624,0.00197624,0.00197624
8,576.891,1.9955,2.01251,1.37625,0.49718,0.45666,0.41757,0.18368,1.81298,6.80518,1.33055,0.00197228,0.00197228,0.00197228
9,644.246,1.95531,1.8873,1.34998,0.45498,0.45486,0.36291,0.15517,1.94993,1.80487,1.3809,0.00196832,0.00196832,0.00196832
10,711.159,1.95581,1.76591,1.34236,0.44595,0.39009,0.32523,0.1347,1.98418,2.0395,1.38424,0.00196436,0.00196436,0.00196436
11,778.342,1.93294,1.9477,1.34028,0.54528,0.51605,0.49463,0.23337,1.76918,1.67551,1.28268,0.0019604,0.0019604,0.0019604
12,845.671,1.93413,1.89927,1.36408,0.48044,0.46092,0.41539,0.17867,1.87273,1.80852,1.33353,0.00195644,0.00195644,0.00195644
13,912.698,1.87213,1.87835,1.31997,0.38487,0.39009,0.33659,0.155,1.82567,2.27394,1.31512,0.00195248,0.00195248,0.00195248
14,979.878,1.8259,1.64972,1.28977,0.48173,0.51238,0.42538,0.2143,1.73528,1.82101,1.29187,0.00194852,0.00194852,0.00194852
15,1046.93,1.85728,1.73366,1.31662,0.44946,0.47214,0.44323,0.21133,1.85592,1.60293,1.30022,0.00194456,0.00194456,0.00194456
16,1114.27,1.83654,1.66573,1.29951,0.44517,0.38235,0.33112,0.14777,1.81453,1.98192,1.30053,0.0019406,0.0019406,0.0019406
17,1181.35,1.78693,1.59992,1.26334,0.54895,0.4969,0.50908,0.24467,1.76621,1.56297,1.28586,0.00193664,0.00193664,0.00193664
18,1248.58,1.81592,1.51888,1.27445,0.50176,0.4969,0.47508,0.21387,1.86149,1.62789,1.30343,0.00193268,0.00193268,0.00193268
19,1315.77,1.75341,1.49187,1.26805,0.52123,0.51393,0.49865,0.23299,1.81614,1.47287,1.28944,0.00192872,0.00192872,0.00192872
20,1382.66,1.7185,1.48735,1.25491,0.54689,0.50929,0.51099,0.25068,1.74149,1.56134,1.2499,0.00192476,0.00192476,0.00192476
21,1449.79,1.7384,1.48586,1.24917,0.507,0.52167,0.50027,0.25142,1.76623,1.57839,1.26251,0.0019208,0.0019208,0.0019208
22,1516.94,1.73106,1.44382,1.2438,0.52685,0.48142,0.49954,0.24061,1.7673,1.44947,1.26014,0.00191684,0.00191684,0.00191684
23,1584.15,1.70467,1.37116,1.24607,0.45789,0.46904,0.41555,0.18885,1.91541,1.84264,1.33682,0.00191288,0.00191288,0.00191288
24,1651.27,1.71884,1.38187,1.23786,0.51745,0.51238,0.50077,0.22525,1.8639,1.5357,1.32077,0.00190892,0.00190892,0.00190892
25,1718.11,1.67042,1.34871,1.226,0.49295,0.46285,0.44708,0.18185,2.06585,1.5854,1.35448,0.00190496,0.00190496,0.00190496
26,1784.99,1.63829,1.30345,1.21126,0.59236,0.54662,0.57353,0.27956,1.78383,1.34357,1.26943,0.001901,0.001901,0.001901
27,1852.39,1.67639,1.34343,1.21538,0.54374,0.51238,0.51953,0.27212,1.75871,1.75062,1.26911,0.00189704,0.00189704,0.00189704
28,1919.49,1.69776,1.3099,1.21898,0.6014,0.60372,0.6159,0.30413,1.65081,1.2389,1.21362,0.00189308,0.00189308,0.00189308
29,1986.8,1.73642,1.28114,1.24562,0.57387,0.55728,0.58979,0.30591,1.68049,1.36125,1.23458,0.00188912,0.00188912,0.00188912
30,2053.59,1.75124,1.34543,1.23549,0.61998,0.53096,0.60011,0.31841,1.5988,1.37105,1.21102,0.00188516,0.00188516,0.00188516
31,2120.68,1.7721,1.33002,1.24625,0.58555,0.60363,0.61261,0.32828,1.59151,1.32038,1.21338,0.0018812,0.0018812,0.0018812
32,2188.03,1.7997,1.31361,1.25097,0.65268,0.5743,0.61062,0.31413,1.6361,1.2943,1.21165,0.00187724,0.00187724,0.00187724
33,2255.21,1.67423,1.22369,1.21603,0.60987,0.54025,0.58447,0.32345,1.56991,1.56987,1.19835,0.00187328,0.00187328,0.00187328
34,2322.35,1.63142,1.21538,1.18818,0.61114,0.57658,0.613,0.33892,1.57951,1.46418,1.20692,0.00186932,0.00186932,0.00186932
35,2389.38,1.62361,1.23531,1.20384,0.54896,0.52941,0.52092,0.28653,1.57082,1.64298,1.21111,0.00186536,0.00186536,0.00186536
36,2456.29,1.56026,1.20589,1.17517,0.64054,0.56824,0.61067,0.34913,1.56484,1.40843,1.19546,0.0018614,0.0018614,0.0018614
37,2523.69,1.52238,1.12395,1.16926,0.70047,0.56111,0.6437,0.35978,1.52452,1.22805,1.17835,0.00185744,0.00185744,0.00185744
38,2590.97,1.52939,1.12132,1.16294,0.66818,0.59598,0.65296,0.37399,1.46982,1.24714,1.15413,0.00185348,0.00185348,0.00185348
39,2658.35,1.54874,1.13144,1.16773,0.64515,0.60217,0.64921,0.35329,1.58419,1.21124,1.20829,0.00184952,0.00184952,0.00184952
40,2725.21,1.50854,1.07508,1.14339,0.71273,0.55263,0.65112,0.36789,1.49597,1.21634,1.16167,0.00184556,0.00184556,0.00184556
41,2792.1,1.52102,1.07314,1.15818,0.65127,0.63158,0.65799,0.3599,1.51192,1.10081,1.15914,0.0018416,0.0018416,0.0018416
42,2859.3,1.49218,1.17386,1.12829,0.66773,0.61765,0.65684,0.3624,1.47172,1.21792,1.15528,0.00183764,0.00183764,0.00183764
43,2926.48,1.55273,1.06723,1.13891,0.7058,0.54334,0.64054,0.35577,1.51772,1.22145,1.17759,0.00183368,0.00183368,0.00183368
44,2993.61,1.50044,1.05633,1.13612,0.64221,0.60016,0.64438,0.35322,1.52803,1.42532,1.16666,0.00182972,0.00182972,0.00182972
45,3060.43,1.50427,1.05063,1.14701,0.63967,0.65325,0.6767,0.39118,1.46144,1.10161,1.14826,0.00182576,0.00182576,0.00182576
46,3127.79,1.50401,1.05746,1.13306,0.72559,0.61806,0.69114,0.38159,1.50756,1.09319,1.16508,0.0018218,0.0018218,0.0018218
47,3194.91,1.47675,0.99735,1.12684,0.72389,0.65325,0.72062,0.40597,1.51326,0.9969,1.1644,0.00181784,0.00181784,0.00181784
48,3262.21,1.47404,1.03148,1.11449,0.72495,0.64874,0.71555,0.40012,1.50007,1.04654,1.15646,0.00181388,0.00181388,0.00181388
49,3329.03,1.46938,1.03851,1.13101,0.64166,0.67079,0.68675,0.36925,1.53314,1.10525,1.16549,0.00180992,0.00180992,0.00180992
50,3395.88,1.44756,0.99883,1.11666,0.73059,0.59133,0.69295,0.40642,1.40771,1.10013,1.12991,0.00180596,0.00180596,0.00180596
51,3462.65,1.46569,0.99228,1.11977,0.67436,0.64114,0.69756,0.38582,1.4829,1.10126,1.15753,0.001802,0.001802,0.001802
52,3529.43,1.42552,0.98596,1.11142,0.68325,0.6311,0.69423,0.39155,1.47476,1.10962,1.14992,0.00179804,0.00179804,0.00179804
53,3596.52,1.41759,0.97134,1.09787,0.72406,0.67183,0.72898,0.40986,1.47498,1.04024,1.14887,0.00179408,0.00179408,0.00179408
54,3663.8,1.4239,0.92611,1.10374,0.68515,0.68047,0.72228,0.40743,1.40343,0.97771,1.13128,0.00179012,0.00179012,0.00179012
55,3730.57,1.39696,0.94156,1.09495,0.73499,0.61146,0.69023,0.39598,1.44693,1.06381,1.14694,0.00178616,0.00178616,0.00178616
56,3797.6,1.36439,0.96099,1.09622,0.67325,0.61765,0.65667,0.36665,1.44345,1.07773,1.15297,0.0017822,0.0017822,0.0017822
57,3864.68,1.33866,0.90028,1.08202,0.74739,0.65789,0.73049,0.41444,1.42142,0.94047,1.12858,0.00177824,0.00177824,0.00177824
58,3931.88,1.38264,0.95415,1.0835,0.69508,0.63313,0.68879,0.37303,1.51964,1.11858,1.17009,0.00177428,0.00177428,0.00177428
59,3999.26,1.35401,0.90927,1.07056,0.63532,0.63646,0.65354,0.34132,1.55871,1.12191,1.18753,0.00177032,0.00177032,0.00177032
60,4066.03,1.38488,0.92784,1.09168,0.72186,0.67492,0.74162,0.40929,1.52846,0.99134,1.16692,0.00176636,0.00176636,0.00176636
61,4132.94,1.45445,0.97224,1.10868,0.6857,0.66532,0.71048,0.39323,1.50907,1.10374,1.16013,0.0017624,0.0017624,0.0017624
62,4200.01,1.39188,0.95567,1.07825,0.72294,0.6503,0.70239,0.40448,1.43346,0.96863,1.13574,0.00175844,0.00175844,0.00175844
63,4266.93,1.37373,0.89791,1.08274,0.71127,0.67492,0.73038,0.41743,1.48679,0.92728,1.15814,0.00175448,0.00175448,0.00175448
64,4334.24,1.40214,0.91701,1.08494,0.72537,0.64087,0.71043,0.42179,1.40295,0.96767,1.13213,0.00175052,0.00175052,0.00175052
65,4401.31,1.33693,0.86015,1.05671,0.71038,0.68576,0.74717,0.43156,1.38047,0.92539,1.11854,0.00174656,0.00174656,0.00174656
66,4468.74,1.39542,0.89649,1.08415,0.68681,0.64551,0.71688,0.4156,1.38632,0.97195,1.12095,0.0017426,0.0017426,0.0017426
67,4535.79,1.31597,0.84576,1.07519,0.74055,0.71207,0.77414,0.44447,1.38533,0.89223,1.12343,0.00173864,0.00173864,0.00173864
68,4603.16,1.31401,0.82522,1.05487,0.75574,0.69969,0.76836,0.45285,1.33942,0.86985,1.10955,0.00173468,0.00173468,0.00173468
69,4670.44,1.32309,0.80964,1.06674,0.742,0.69006,0.75364,0.43987,1.40219,0.97572,1.14732,0.00173072,0.00173072,0.00173072
70,4737.29,1.3079,0.84401,1.05057,0.73102,0.71098,0.75544,0.4509,1.33022,0.86922,1.0994,0.00172676,0.00172676,0.00172676
71,4804.41,1.32306,0.83244,1.05123,0.74184,0.67802,0.74119,0.43099,1.40007,0.91664,1.12694,0.0017228,0.0017228,0.0017228
72,4871.24,1.31863,0.80504,1.05649,0.73804,0.69505,0.74608,0.43839,1.36895,0.90879,1.11659,0.00171884,0.00171884,0.00171884
73,4938.26,1.27461,0.83558,1.04292,0.7423,0.73065,0.77596,0.45541,1.35567,0.87046,1.10327,0.00171488,0.00171488,0.00171488
74,5005.51,1.29438,0.82004,1.0568,0.7224,0.66409,0.74763,0.45274,1.36954,0.90213,1.12839,0.00171092,0.00171092,0.00171092
75,5072.34,1.33369,0.85028,1.06313,0.67811,0.65015,0.69199,0.38463,1.45882,0.99675,1.15676,0.00170696,0.00170696,0.00170696
76,5139.42,1.32977,0.80658,1.06089,0.76628,0.7291,0.78322,0.45624,1.39318,0.84801,1.12111,0.001703,0.001703,0.001703
77,5206.48,1.29649,0.79267,1.05519,0.71174,0.72136,0.75167,0.44652,1.36817,0.88834,1.11028,0.00169904,0.00169904,0.00169904
78,5273.51,1.29097,0.78108,1.05112,0.72146,0.69366,0.74797,0.44942,1.36161,0.92573,1.11986,0.00169508,0.00169508,0.00169508
79,5340.62,1.27222,0.79359,1.04312,0.70831,0.72446,0.75768,0.45074,1.40029,0.89687,1.11982,0.00169112,0.00169112,0.00169112
80,5407.43,1.25321,0.76979,1.05041,0.76994,0.68901,0.76399,0.44145,1.41023,0.93246,1.12833,0.00168716,0.00168716,0.00168716
81,5474.51,1.24025,0.74876,1.0322,0.75305,0.70334,0.76835,0.45646,1.36227,0.87703,1.11441,0.0016832,0.0016832,0.0016832
82,5541.32,1.26454,0.75632,1.03693,0.75002,0.74149,0.77722,0.42959,1.42987,0.88828,1.14062,0.00167924,0.00167924,0.00167924
83,5608.26,1.27853,0.7576,1.03775,0.80362,0.64861,0.77288,0.4519,1.41153,0.89672,1.12212,0.00167528,0.00167528,0.00167528
84,5675.33,1.27063,0.74315,1.03637,0.73242,0.67957,0.74515,0.43646,1.40958,0.90638,1.13723,0.00167132,0.00167132,0.00167132
85,5742.13,1.25423,0.74406,1.03869,0.74499,0.71827,0.7622,0.44739,1.36828,0.87291,1.12017,0.00166736,0.00166736,0.00166736
86,5809.79,1.25428,0.72463,1.02778,0.77137,0.75731,0.78846,0.46585,1.40891,0.82723,1.13049,0.0016634,0.0016634,0.0016634
87,5877.11,1.23651,0.72389,1.02671,0.76884,0.73529,0.78808,0.45954,1.39404,0.81516,1.11407,0.00165944,0.00165944,0.00165944
88,5944.02,1.2487,0.72869,1.02368,0.75173,0.71517,0.77068,0.44772,1.35918,0.85963,1.10177,0.00165548,0.00165548,0.00165548
89,6011.01,1.2131,0.6939,1.01237,0.74902,0.66986,0.75734,0.45412,1.3713,0.87693,1.12259,0.00165152,0.00165152,0.00165152
90,6077.78,1.20115,0.69122,1.01197,0.76089,0.72755,0.79344,0.48012,1.32625,0.8598,1.10073,0.00164756,0.00164756,0.00164756
91,6145.09,1.24793,0.70816,1.01869,0.80208,0.72136,0.80565,0.47825,1.378,0.78647,1.12125,0.0016436,0.0016436,0.0016436
92,6212.08,1.20013,0.684,1.00788,0.80042,0.70433,0.78452,0.45367,1.4394,0.86958,1.14996,0.00163964,0.00163964,0.00163964
93,6279.04,1.24315,0.71371,1.01285,0.7569,0.67957,0.74708,0.42013,1.4473,0.88368,1.15181,0.00163568,0.00163568,0.00163568
94,6346.04,1.22335,0.72455,1.02154,0.78307,0.6935,0.76572,0.45159,1.35299,0.8632,1.10572,0.00163172,0.00163172,0.00163172
95,6412.79,1.22028,0.72525,1.01278,0.72122,0.69683,0.7496,0.43867,1.36531,0.91911,1.1215,0.00162776,0.00162776,0.00162776
96,6479.56,1.2091,0.69144,1.00442,0.73374,0.73684,0.77766,0.44985,1.44452,0.86055,1.15473,0.0016238,0.0016238,0.0016238
97,6546.52,1.23845,0.72027,1.02317,0.77356,0.74563,0.80123,0.46953,1.36695,0.81381,1.11399,0.00161984,0.00161984,0.00161984
98,6613.58,1.23596,0.71064,1.01215,0.74461,0.6935,0.75935,0.41636,1.4779,0.93869,1.14455,0.00161588,0.00161588,0.00161588
99,6680.6,1.21607,0.67622,1.01668,0.75032,0.6935,0.76422,0.44615,1.39301,0.93302,1.12707,0.00161192,0.00161192,0.00161192
100,6747.39,1.25651,0.75921,1.01123,0.7507,0.67492,0.74536,0.41077,1.45086,0.93627,1.14412,0.00160796,0.00160796,0.00160796
101,6814.16,1.23427,0.67844,1.02096,0.7564,0.71619,0.79342,0.46701,1.39562,0.83331,1.12927,0.001604,0.001604,0.001604
102,6880.94,1.23209,0.69879,1.01298,0.75644,0.74458,0.78678,0.46317,1.39116,0.85975,1.11272,0.00160004,0.00160004,0.00160004
103,6947.87,1.22921,0.68884,1.01239,0.82201,0.7291,0.80972,0.46748,1.38966,0.78945,1.13118,0.00159608,0.00159608,0.00159608
104,7014.89,1.21381,0.71366,1.00534,0.72737,0.75165,0.78696,0.46522,1.35665,0.8273,1.10857,0.00159212,0.00159212,0.00159212
105,7081.67,1.20268,0.66562,1.01764,0.77158,0.69969,0.76041,0.43998,1.41373,0.88809,1.13558,0.00158816,0.00158816,0.00158816
106,7148.72,1.22374,0.67978,1.01464,0.77549,0.71648,0.77631,0.47397,1.34025,0.84577,1.10621,0.0015842,0.0015842,0.0015842
107,7215.49,1.18349,0.64869,0.9906,0.77569,0.76014,0.80228,0.48361,1.31798,0.78503,1.0999,0.00158024,0.00158024,0.00158024
108,7282.67,1.16903,0.68578,0.99129,0.77163,0.71827,0.777,0.46792,1.34432,0.85761,1.10405,0.00157628,0.00157628,0.00157628
109,7349.77,1.21754,0.68303,1.00427,0.73504,0.72146,0.76502,0.46216,1.32287,0.85098,1.10367,0.00157232,0.00157232,0.00157232
110,7416.55,1.17801,0.65899,1.00213,0.78829,0.7032,0.76318,0.44488,1.40786,0.86058,1.12876,0.00156836,0.00156836,0.00156836
111,7483.65,1.1994,0.67042,1.01305,0.76403,0.69167,0.75351,0.4187,1.47531,0.89817,1.16217,0.0015644,0.0015644,0.0015644
112,7550.63,1.28483,0.69014,1.0371,0.81035,0.70743,0.80511,0.46787,1.40033,0.87969,1.1344,0.00156044,0.00156044,0.00156044
113,7617.59,1.22606,0.67926,1.0143,0.77141,0.73065,0.79247,0.45778,1.41408,0.81718,1.1278,0.00155648,0.00155648,0.00155648
114,7684.64,1.19119,0.65146,1.00234,0.79647,0.74458,0.80419,0.45833,1.41578,0.81276,1.13526,0.00155252,0.00155252,0.00155252
115,7751.37,1.16721,0.63701,1.00382,0.73686,0.74991,0.78988,0.45934,1.3996,0.8332,1.12659,0.00154856,0.00154856,0.00154856
116,7818.15,1.13696,0.63627,1.00413,0.80492,0.70898,0.80271,0.49476,1.32879,0.80197,1.0943,0.0015446,0.0015446,0.0015446
117,7885.29,1.16247,0.63107,0.98271,0.81611,0.71448,0.79587,0.46449,1.36193,0.81375,1.1148,0.00154064,0.00154064,0.00154064
118,7952.23,1.18772,0.65254,1.00049,0.7594,0.74458,0.79079,0.4793,1.32242,0.82582,1.11044,0.00153668,0.00153668,0.00153668
119,8019.4,1.19478,0.66978,1.01368,0.7625,0.71672,0.75402,0.43011,1.40273,0.89656,1.13023,0.00153272,0.00153272,0.00153272
120,8086.18,1.20835,0.63146,1.00022,0.79917,0.73529,0.81763,0.48902,1.32828,0.75328,1.09814,0.00152876,0.00152876,0.00152876
121,8153.28,1.19297,0.64218,0.99936,0.74489,0.74149,0.79825,0.45777,1.49682,0.86222,1.15189,0.0015248,0.0015248,0.0015248
122,8220.16,1.15723,0.61969,0.97713,0.79356,0.74978,0.81947,0.47425,1.37909,0.79132,1.11593,0.00152084,0.00152084,0.00152084
123,8287.14,1.13126,0.62106,0.97615,0.80876,0.71355,0.78989,0.46345,1.33504,0.79565,1.10546,0.00151688,0.00151688,0.00151688
124,8354.21,1.11776,0.63004,0.98385,0.81835,0.70588,0.79797,0.47783,1.33478,0.81537,1.10918,0.00151292,0.00151292,0.00151292
125,8421.02,1.12349,0.62951,0.9789,0.72854,0.70279,0.74506,0.44754,1.36579,0.89647,1.12123,0.00150896,0.00150896,0.00150896
126,8488.05,1.13528,0.63413,0.99377,0.78209,0.69814,0.77997,0.46611,1.3907,0.90014,1.12798,0.001505,0.001505,0.001505
127,8555.11,1.15411,0.62997,0.99074,0.78767,0.71207,0.77832,0.46735,1.39277,0.90169,1.12995,0.00150104,0.00150104,0.00150104
128,8621.99,1.15556,0.62434,0.98726,0.78322,0.74385,0.81812,0.49269,1.3359,0.77052,1.0943,0.00149708,0.00149708,0.00149708
129,8689.03,1.13933,0.61879,0.9789,0.80771,0.75387,0.80924,0.49569,1.28503,0.76314,1.08753,0.00149312,0.00149312,0.00149312
130,8756.04,1.1111,0.6071,0.97719,0.78432,0.77709,0.82097,0.50358,1.29579,0.77654,1.09414,0.00148916,0.00148916,0.00148916
131,8823.26,1.10962,0.60884,0.96937,0.76659,0.73717,0.77027,0.46102,1.33617,0.83757,1.1196,0.0014852,0.0014852,0.0014852
132,8890.36,1.12119,0.6273,0.97596,0.76807,0.71258,0.78069,0.46381,1.37387,0.79803,1.12881,0.00148124,0.00148124,0.00148124
133,8957.37,1.11244,0.59483,0.97558,0.7986,0.73045,0.80074,0.47822,1.33714,0.79757,1.10747,0.00147728,0.00147728,0.00147728
134,9024.41,1.0844,0.57505,0.96719,0.78502,0.74049,0.80057,0.46419,1.43394,0.80237,1.14181,0.00147332,0.00147332,0.00147332
135,9091.16,1.15819,0.59527,0.98972,0.77916,0.70999,0.79664,0.45243,1.50101,0.85371,1.17183,0.00146936,0.00146936,0.00146936
136,9158.25,1.16226,0.59529,0.98849,0.81592,0.70743,0.79058,0.47784,1.29825,0.81994,1.09609,0.0014654,0.0014654,0.0014654
137,9225.26,1.13541,0.58949,0.9741,0.80454,0.76006,0.8065,0.48799,1.32719,0.74723,1.10828,0.00146144,0.00146144,0.00146144
138,9292.22,1.11543,0.58072,0.96825,0.79018,0.7678,0.80958,0.49088,1.28312,0.74838,1.09695,0.00145748,0.00145748,0.00145748
139,9359.23,1.05652,0.58091,0.94876,0.80681,0.70898,0.80163,0.48921,1.29951,0.82055,1.10125,0.00145352,0.00145352,0.00145352
140,9425.99,1.11538,0.59262,0.97391,0.71882,0.67492,0.73074,0.41668,1.4095,0.89276,1.14075,0.00144956,0.00144956,0.00144956
141,9493.08,1.1355,0.61307,0.98311,0.77786,0.73684,0.79246,0.43536,1.49334,0.85092,1.1618,0.0014456,0.0014456,0.0014456
142,9560.21,1.18126,0.60499,0.98123,0.78935,0.74613,0.81295,0.49593,1.31252,0.841,1.09821,0.00144164,0.00144164,0.00144164
143,9627.17,1.12974,0.60145,0.97332,0.8126,0.75177,0.82242,0.49393,1.29738,0.74558,1.09853,0.00143768,0.00143768,0.00143768
144,9694.18,1.16712,0.60314,0.99356,0.78519,0.7709,0.8188,0.49537,1.30354,0.75959,1.09696,0.00143372,0.00143372,0.00143372
145,9760.99,1.11093,0.59969,0.97022,0.80855,0.75387,0.82767,0.50493,1.27848,0.75605,1.08333,0.00142976,0.00142976,0.00142976
146,9828.46,1.1003,0.58369,0.96906,0.79693,0.76316,0.81629,0.48918,1.36759,0.76316,1.11774,0.0014258,0.0014258,0.0014258
147,9895.55,1.10343,0.5842,0.96876,0.78167,0.70279,0.78139,0.44674,1.40474,0.83941,1.13459,0.00142184,0.00142184,0.00142184
148,9962.36,1.14014,0.61799,0.98182,0.79706,0.69969,0.77583,0.45007,1.38141,0.81131,1.13266,0.00141788,0.00141788,0.00141788
149,10029.4,1.11535,0.60845,0.96337,0.8009,0.70989,0.79559,0.46832,1.3531,0.85229,1.1105,0.00141392,0.00141392,0.00141392
150,10096.2,1.15589,0.6014,0.98296,0.79869,0.72469,0.79869,0.4786,1.36005,0.82272,1.12605,0.00140996,0.00140996,0.00140996
151,10163.4,1.18362,0.62242,0.99472,0.79368,0.77414,0.8235,0.49271,1.33944,0.7755,1.10627,0.001406,0.001406,0.001406
152,10230.4,1.15442,0.6116,0.97703,0.79951,0.75077,0.81101,0.47245,1.3676,0.7292,1.11617,0.00140204,0.00140204,0.00140204
153,10297.3,1.11783,0.58931,0.9718,0.77378,0.70279,0.77134,0.4411,1.42302,0.83968,1.14897,0.00139808,0.00139808,0.00139808
154,10364.4,1.10069,0.58579,0.95596,0.79488,0.75077,0.81054,0.49005,1.33239,0.79443,1.11209,0.00139412,0.00139412,0.00139412
155,10431.2,1.03527,0.56206,0.94789,0.77482,0.77231,0.81317,0.49471,1.3198,0.74917,1.11283,0.00139016,0.00139016,0.00139016
156,10498.2,1.02251,0.55835,0.93963,0.80565,0.76161,0.8217,0.50129,1.28936,0.76543,1.09526,0.0013862,0.0013862,0.0013862
157,10565.3,1.02813,0.55006,0.94605,0.80703,0.75745,0.82054,0.4977,1.29142,0.73873,1.10316,0.00138224,0.00138224,0.00138224
158,10632.2,1.0358,0.5609,0.93406,0.82438,0.73529,0.82371,0.48809,1.304,0.71278,1.11115,0.00137828,0.00137828,0.00137828
159,10699.2,1.03882,0.55625,0.95395,0.79662,0.76935,0.82972,0.49879,1.31499,0.77201,1.10634,0.00137432,0.00137432,0.00137432
160,10766.1,1.03433,0.55288,0.9441,0.82764,0.73839,0.8164,0.48748,1.35425,0.79216,1.11889,0.00137036,0.00137036,0.00137036
161,10832.9,1.02618,0.55412,0.94133,0.79124,0.71672,0.79062,0.48789,1.31795,0.90491,1.10856,0.0013664,0.0013664,0.0013664
162,10899.7,1.01304,0.56619,0.9459,0.81039,0.75232,0.815,0.48334,1.31508,0.73641,1.10634,0.00136244,0.00136244,0.00136244
163,10966.5,1.06822,0.55576,0.95658,0.81408,0.71847,0.81253,0.47364,1.35461,0.77369,1.1102,0.00135848,0.00135848,0.00135848
164,11033.5,1.05123,0.54375,0.94495,0.81073,0.71981,0.81308,0.48586,1.31513,0.76419,1.09872,0.00135452,0.00135452,0.00135452
165,11100.3,1.05581,0.55663,0.9514,0.81098,0.75542,0.83069,0.48707,1.34626,0.75252,1.11573,0.00135056,0.00135056,0.00135056
166,11167.4,1.02282,0.54594,0.93762,0.83399,0.71672,0.81293,0.49004,1.29753,0.74666,1.102,0.0013466,0.0013466,0.0013466
167,11234.4,1.02561,0.53461,0.94924,0.81069,0.75851,0.81329,0.50363,1.26649,0.73596,1.09745,0.00134264,0.00134264,0.00134264
168,11301.5,1.01375,0.55225,0.94363,0.83473,0.74768,0.84151,0.5172,1.29122,0.75019,1.09384,0.00133868,0.00133868,0.00133868
169,11368.8,1.00282,0.52221,0.93416,0.82758,0.74613,0.82561,0.51429,1.26925,0.76457,1.08537,0.00133472,0.00133472,0.00133472
170,11435.6,1.02634,0.53553,0.93638,0.80252,0.76116,0.82734,0.49149,1.33847,0.74611,1.11736,0.00133076,0.00133076,0.00133076
171,11502.7,1.02472,0.53399,0.93724,0.80833,0.76382,0.82103,0.49052,1.30781,0.75227,1.11193,0.0013268,0.0013268,0.0013268
172,11569.8,1.02397,0.51017,0.93252,0.81864,0.76006,0.83739,0.50126,1.33295,0.72811,1.11916,0.00132284,0.00132284,0.00132284
173,11636.6,1.02147,0.53326,0.94098,0.79303,0.74149,0.81457,0.48711,1.35162,0.73568,1.11643,0.00131888,0.00131888,0.00131888
174,11703.6,1.06168,0.54707,0.95286,0.75489,0.73898,0.78384,0.46592,1.37943,0.80551,1.13375,0.00131492,0.00131492,0.00131492
175,11770.4,1.05363,0.54265,0.94272,0.84116,0.77245,0.83328,0.50386,1.34234,0.71867,1.10737,0.00131096,0.00131096,0.00131096
176,11837.3,1.04013,0.53477,0.9384,0.80859,0.74768,0.81362,0.49888,1.33139,0.77588,1.10451,0.001307,0.001307,0.001307
177,11904.4,1.06166,0.54225,0.95387,0.82737,0.7322,0.81885,0.51078,1.26419,0.76862,1.09908,0.00130304,0.00130304,0.00130304
178,11971.6,1.0546,0.55328,0.94801,0.80281,0.73529,0.79233,0.46727,1.35252,0.81349,1.12587,0.00129908,0.00129908,0.00129908
179,12038.6,1.00205,0.51798,0.93831,0.80868,0.73994,0.81063,0.49517,1.32048,0.83218,1.11246,0.00129512,0.00129512,0.00129512
180,12105.5,0.99585,0.52198,0.93438,0.83175,0.75762,0.83423,0.50939,1.32291,0.72202,1.11206,0.00129116,0.00129116,0.00129116
181,12172.6,0.98588,0.53107,0.92483,0.81742,0.7554,0.8182,0.49746,1.31838,0.75487,1.11264,0.0012872,0.0012872,0.0012872
182,12239.7,0.969,0.52019,0.91543,0.79739,0.7737,0.83353,0.50667,1.28529,0.69823,1.09712,0.00128324,0.00128324,0.00128324
183,12306.5,0.97683,0.53821,0.92529,0.80356,0.77253,0.83228,0.51354,1.26464,0.73594,1.09595,0.00127928,0.00127928,0.00127928
184,12373.6,0.9839,0.52554,0.92638,0.82112,0.74613,0.81646,0.49948,1.27122,0.79771,1.09807,0.00127532,0.00127532,0.00127532
185,12440.4,0.98552,0.52298,0.91408,0.78884,0.73375,0.80089,0.48404,1.30136,0.80896,1.10119,0.00127136,0.00127136,0.00127136
186,12507.2,0.96503,0.52154,0.91888,0.76585,0.75851,0.79908,0.48817,1.29738,0.82376,1.0977,0.0012674,0.0012674,0.0012674
187,12574.3,1.01052,0.52692,0.92719,0.83361,0.74451,0.82388,0.50023,1.3791,0.76958,1.12783,0.00126344,0.00126344,0.00126344
188,12641.3,0.99728,0.51451,0.93189,0.78124,0.78793,0.82287,0.49101,1.35974,0.76024,1.11372,0.00125948,0.00125948,0.00125948
189,12708.3,1.00946,0.52884,0.94135,0.83053,0.74458,0.82058,0.50885,1.27096,0.75036,1.09005,0.00125552,0.00125552,0.00125552
190,12775.1,0.98691,0.50514,0.92848,0.80802,0.7322,0.82416,0.50751,1.26234,0.76994,1.08103,0.00125156,0.00125156,0.00125156
191,12842,1.01585,0.51866,0.94014,0.79603,0.74149,0.809,0.49333,1.31734,0.75885,1.1138,0.0012476,0.0012476,0.0012476
192,12908.8,1.00445,0.52354,0.91996,0.80127,0.7677,0.82116,0.49146,1.35576,0.73,1.11784,0.00124364,0.00124364,0.00124364
193,12975.6,0.98295,0.50641,0.93473,0.80639,0.74458,0.81324,0.49278,1.36858,0.76988,1.12453,0.00123968,0.00123968,0.00123968
194,13042.7,0.97856,0.4931,0.92923,0.81814,0.73839,0.81173,0.49578,1.30747,0.75782,1.10734,0.00123572,0.00123572,0.00123572
195,13109.7,0.97918,0.49985,0.92594,0.83887,0.73994,0.82709,0.50986,1.28316,0.71073,1.10085,0.00123176,0.00123176,0.00123176
196,13176.9,0.97061,0.51258,0.92503,0.80316,0.75077,0.82722,0.49486,1.32702,0.7606,1.11235,0.0012278,0.0012278,0.0012278
197,13244,1.00878,0.50119,0.93291,0.84814,0.72621,0.82344,0.50909,1.29957,0.83665,1.09607,0.00122384,0.00122384,0.00122384
198,13311.1,0.98595,0.49423,0.92185,0.79348,0.7732,0.83116,0.50002,1.33831,0.75724,1.11415,0.00121988,0.00121988,0.00121988
199,13378.1,0.96808,0.50988,0.91569,0.82812,0.76075,0.8463,0.51251,1.29512,0.71846,1.09214,0.00121592,0.00121592,0.00121592
200,13444.9,0.96183,0.49901,0.91671,0.83328,0.75697,0.83502,0.50631,1.31259,0.71575,1.1216,0.00121196,0.00121196,0.00121196
201,13512.1,0.96033,0.50296,0.92274,0.79521,0.7322,0.8107,0.4766,1.34445,0.77131,1.12494,0.001208,0.001208,0.001208
202,13579.3,0.96214,0.49366,0.91369,0.81375,0.74398,0.82023,0.50745,1.30443,0.77621,1.09946,0.00120404,0.00120404,0.00120404
203,13646.3,0.98811,0.50327,0.91827,0.84167,0.76006,0.85409,0.52206,1.32398,0.72883,1.11016,0.00120008,0.00120008,0.00120008
204,13713.6,0.94743,0.49337,0.92821,0.76849,0.78019,0.8033,0.48016,1.3651,0.76086,1.11996,0.00119612,0.00119612,0.00119612
205,13780.5,0.93318,0.4913,0.91656,0.83498,0.76761,0.84047,0.49969,1.2908,0.72327,1.08961,0.00119216,0.00119216,0.00119216
206,13847.7,0.97411,0.49337,0.9202,0.81982,0.73994,0.81193,0.50638,1.25697,0.73888,1.08304,0.0011882,0.0011882,0.0011882
207,13915,0.96261,0.50866,0.91566,0.81917,0.75035,0.82131,0.50493,1.27585,0.77595,1.09015,0.00118424,0.00118424,0.00118424
208,13982.3,0.98055,0.51354,0.92581,0.78456,0.76161,0.8174,0.49934,1.28679,0.72376,1.08461,0.00118028,0.00118028,0.00118028
209,14049.3,0.93093,0.48409,0.90456,0.8221,0.76541,0.83441,0.5009,1.32986,0.71377,1.10955,0.00117632,0.00117632,0.00117632
210,14116.1,0.93979,0.4844,0.91927,0.81089,0.76335,0.8438,0.49835,1.32889,0.72457,1.1068,0.00117236,0.00117236,0.00117236
211,14183.2,0.98423,0.49293,0.92642,0.79362,0.74613,0.81867,0.48826,1.31944,0.76507,1.10375,0.0011684,0.0011684,0.0011684
212,14250.2,1.02971,0.51285,0.93524,0.81166,0.78173,0.83279,0.5227,1.23382,0.69149,1.08103,0.00116444,0.00116444,0.00116444
213,14317.1,0.98356,0.4944,0.91496,0.83745,0.75542,0.84235,0.52382,1.24838,0.72925,1.08485,0.00116048,0.00116048,0.00116048
214,14384.4,0.95322,0.48671,0.91491,0.8175,0.76316,0.83855,0.51802,1.2447,0.68379,1.08011,0.00115652,0.00115652,0.00115652
215,14451.2,0.94564,0.48475,0.9183,0.82758,0.74149,0.81694,0.48711,1.33523,0.75747,1.11759,0.00115256,0.00115256,0.00115256
216,14518.4,0.97196,0.48862,0.91852,0.78603,0.76202,0.81769,0.49587,1.31258,0.74384,1.10796,0.0011486,0.0011486,0.0011486
217,14585.5,0.99386,0.48701,0.92706,0.82475,0.74458,0.82607,0.51003,1.29,0.70889,1.09555,0.00114464,0.00114464,0.00114464
218,14652.6,0.94021,0.48397,0.9131,0.81156,0.78019,0.83641,0.51546,1.23658,0.68659,1.0735,0.00114068,0.00114068,0.00114068
219,14719.7,0.89421,0.45984,0.90163,0.84318,0.73242,0.83013,0.51519,1.25862,0.71217,1.08088,0.00113672,0.00113672,0.00113672
220,14786.5,0.9412,0.47493,0.91652,0.81355,0.74458,0.82556,0.50844,1.29313,0.7183,1.09536,0.00113276,0.00113276,0.00113276
221,14853.5,0.94479,0.47505,0.90952,0.8128,0.7595,0.82865,0.5233,1.25592,0.72556,1.08407,0.0011288,0.0011288,0.0011288
222,14920.9,0.96304,0.48581,0.9066,0.83748,0.75851,0.84446,0.5304,1.25962,0.693,1.08805,0.00112484,0.00112484,0.00112484
223,14988.1,0.94562,0.47575,0.90339,0.81511,0.78173,0.84439,0.522,1.26691,0.71779,1.09478,0.00112088,0.00112088,0.00112088
224,15055.2,0.92345,0.46738,0.90659,0.83135,0.74782,0.83487,0.52029,1.27006,0.73441,1.09115,0.00111692,0.00111692,0.00111692
225,15122.4,0.95881,0.47804,0.91758,0.81824,0.7322,0.81974,0.48816,1.35749,0.77658,1.13133,0.00111296,0.00111296,0.00111296
226,15189.7,0.9211,0.46654,0.90651,0.859,0.71671,0.81862,0.51663,1.22748,0.73436,1.08869,0.001109,0.001109,0.001109
227,15256.9,0.95824,0.47406,0.91108,0.80104,0.76471,0.82442,0.5078,1.27681,0.74255,1.09471,0.00110504,0.00110504,0.00110504
228,15323.9,0.91138,0.45451,0.90157,0.84244,0.76006,0.83396,0.52453,1.25592,0.71533,1.08451,0.00110108,0.00110108,0.00110108
229,15391,0.92127,0.4605,0.90987,0.82402,0.75077,0.83354,0.5129,1.32975,0.75184,1.11503,0.00109712,0.00109712,0.00109712
230,15458.1,0.91347,0.46703,0.90997,0.82719,0.74149,0.82463,0.51022,1.27177,0.73563,1.09509,0.00109316,0.00109316,0.00109316
231,15525.3,0.92031,0.46441,0.90554,0.80409,0.73066,0.80501,0.49841,1.27686,0.79218,1.0871,0.0010892,0.0010892,0.0010892
232,15592.8,0.90409,0.46392,0.90586,0.85338,0.76161,0.84827,0.5309,1.2577,0.68208,1.08354,0.00108524,0.00108524,0.00108524
233,15660.4,0.8774,0.44938,0.90213,0.83765,0.7678,0.85219,0.53257,1.26685,0.69587,1.08878,0.00108128,0.00108128,0.00108128
234,15728.1,0.87771,0.44631,0.8895,0.83698,0.75387,0.8354,0.51243,1.32933,0.74991,1.11555,0.00107732,0.00107732,0.00107732
235,15795.1,0.88417,0.44033,0.8978,0.84982,0.74923,0.83561,0.51819,1.26366,0.69151,1.10365,0.00107336,0.00107336,0.00107336
236,15862.1,0.88714,0.4464,0.89627,0.8316,0.75697,0.83678,0.52045,1.25496,0.70695,1.09449,0.0010694,0.0010694,0.0010694
237,15929.1,0.90097,0.44963,0.89934,0.79745,0.78793,0.83695,0.52529,1.25502,0.70385,1.09323,0.00106544,0.00106544,0.00106544
238,15996,0.91279,0.45988,0.90812,0.79028,0.76161,0.81716,0.50501,1.30976,0.74102,1.11328,0.00106148,0.00106148,0.00106148
239,16063.1,0.91194,0.4528,0.89949,0.81188,0.76829,0.82454,0.50702,1.30768,0.73098,1.10053,0.00105752,0.00105752,0.00105752
240,16129.8,0.89238,0.4504,0.90347,0.83407,0.73065,0.81986,0.503,1.29933,0.74254,1.10286,0.00105356,0.00105356,0.00105356
241,16196.6,0.89136,0.45104,0.89945,0.80979,0.78793,0.83849,0.52758,1.25935,0.68763,1.09342,0.0010496,0.0010496,0.0010496
242,16263.5,0.88606,0.43966,0.89392,0.83723,0.75851,0.83362,0.51831,1.25306,0.7147,1.08634,0.00104564,0.00104564,0.00104564
243,16330.5,0.87847,0.43636,0.89264,0.81313,0.76625,0.82969,0.50398,1.26941,0.71735,1.09495,0.00104168,0.00104168,0.00104168
244,16397.6,0.86661,0.4422,0.89573,0.85442,0.72679,0.82899,0.51822,1.24757,0.71433,1.0827,0.00103772,0.00103772,0.00103772
245,16464.4,0.84954,0.43099,0.88532,0.86774,0.70078,0.81347,0.50853,1.26618,0.77013,1.08734,0.00103376,0.00103376,0.00103376
246,16531.5,0.86812,0.45243,0.89593,0.85178,0.73529,0.82469,0.51414,1.24724,0.7064,1.08933,0.0010298,0.0010298,0.0010298
247,16598.4,0.88377,0.46498,0.89383,0.82621,0.74613,0.83,0.51268,1.29387,0.69464,1.10075,0.00102584,0.00102584,0.00102584
248,16665.4,0.91924,0.46565,0.90136,0.79511,0.77492,0.83229,0.51972,1.29159,0.76485,1.09793,0.00102188,0.00102188,0.00102188
249,16732.7,0.87368,0.44895,0.89877,0.82801,0.73779,0.82202,0.51677,1.26781,0.75326,1.09395,0.00101792,0.00101792,0.00101792
250,16799.5,0.89358,0.44017,0.90275,0.84094,0.73656,0.82372,0.52901,1.23488,0.73928,1.07863,0.00101396,0.00101396,0.00101396
251,16866.3,0.90611,0.4564,0.89337,0.7855,0.78483,0.82905,0.51862,1.26896,0.7154,1.07717,0.00101,0.00101,0.00101
252,16933.1,0.88983,0.44512,0.89078,0.79797,0.78173,0.84272,0.52974,1.27754,0.69311,1.0939,0.00100604,0.00100604,0.00100604
253,17000.1,0.87657,0.43996,0.89954,0.85818,0.7291,0.82631,0.51426,1.26243,0.69838,1.09448,0.00100208,0.00100208,0.00100208
254,17067.1,0.87753,0.43582,0.89159,0.82922,0.72601,0.82463,0.51182,1.28117,0.7441,1.10843,0.00099812,0.00099812,0.00099812
255,17133.9,0.82947,0.42283,0.8814,0.83831,0.76935,0.83268,0.52624,1.25562,0.67846,1.08942,0.00099416,0.00099416,0.00099416
256,17200.9,0.85512,0.43441,0.88556,0.77008,0.76316,0.82262,0.52131,1.24633,0.71915,1.08797,0.0009902,0.0009902,0.0009902
257,17267.8,0.881,0.44232,0.88912,0.83657,0.74483,0.83164,0.51036,1.26835,0.69903,1.09919,0.00098624,0.00098624,0.00098624
258,17334.8,0.8572,0.43741,0.8932,0.83325,0.74261,0.82029,0.51222,1.26799,0.72645,1.10059,0.00098228,0.00098228,0.00098228
259,17401.9,0.89513,0.43385,0.89417,0.8121,0.76935,0.83568,0.52427,1.27194,0.67459,1.09901,0.00097832,0.00097832,0.00097832
260,17468.7,0.86401,0.43017,0.88486,0.85801,0.75851,0.84642,0.53215,1.23492,0.67775,1.08332,0.00097436,0.00097436,0.00097436
261,17535.5,0.87884,0.43724,0.89856,0.8397,0.75387,0.83884,0.52668,1.25397,0.70289,1.08573,0.0009704,0.0009704,0.0009704
262,17602.6,0.84794,0.42706,0.89247,0.84073,0.73543,0.83113,0.51684,1.27182,0.68984,1.10368,0.00096644,0.00096644,0.00096644
263,17669.6,0.83977,0.42335,0.88041,0.77326,0.76625,0.82293,0.5023,1.31082,0.7336,1.10219,0.00096248,0.00096248,0.00096248
264,17736.8,0.84462,0.4241,0.88327,0.83045,0.76471,0.83736,0.52887,1.26023,0.69891,1.09738,0.00095852,0.00095852,0.00095852
265,17803.5,0.86714,0.42637,0.8862,0.83004,0.77554,0.84778,0.52782,1.26254,0.68638,1.09757,0.00095456,0.00095456,0.00095456
266,17870.7,0.84208,0.42034,0.8826,0.83632,0.75232,0.83954,0.53421,1.24515,0.73739,1.09001,0.0009506,0.0009506,0.0009506
267,17937.7,0.83551,0.43337,0.87993,0.8189,0.79721,0.84667,0.53175,1.25039,0.69703,1.08818,0.00094664,0.00094664,0.00094664
268,18004.8,0.83717,0.4247,0.87201,0.85571,0.74149,0.83317,0.5263,1.25998,0.69835,1.09409,0.00094268,0.00094268,0.00094268
269,18071.9,0.83372,0.41851,0.87764,0.81987,0.78947,0.85271,0.54238,1.26113,0.69773,1.09789,0.00093872,0.00093872,0.00093872
270,18138.8,0.80055,0.40449,0.87391,0.83009,0.78652,0.85282,0.54003,1.24979,0.70387,1.09366,0.00093476,0.00093476,0.00093476
271,18205.9,0.82008,0.41142,0.87309,0.86868,0.74749,0.84455,0.53816,1.24199,0.72883,1.09158,0.0009308,0.0009308,0.0009308
272,18272.8,0.80558,0.40492,0.86992,0.85455,0.74458,0.8467,0.53092,1.2526,0.72133,1.09548,0.00092684,0.00092684,0.00092684
273,18339.8,0.83688,0.41811,0.87366,0.82237,0.78118,0.8478,0.52888,1.28597,0.69077,1.10373,0.00092288,0.00092288,0.00092288
274,18407,0.81693,0.40699,0.87579,0.8344,0.75659,0.84834,0.52982,1.27964,0.70846,1.10326,0.00091892,0.00091892,0.00091892
275,18473.9,0.82213,0.41006,0.88688,0.84183,0.74768,0.83571,0.51843,1.25968,0.73619,1.09244,0.00091496,0.00091496,0.00091496
276,18540.7,0.80081,0.41006,0.88285,0.84538,0.77554,0.84329,0.53562,1.24519,0.71141,1.0939,0.000911,0.000911,0.000911
277,18607.5,0.81219,0.41024,0.87399,0.80262,0.74909,0.82246,0.51755,1.26117,0.74308,1.10079,0.00090704,0.00090704,0.00090704
278,18674.5,0.79182,0.40305,0.87291,0.82731,0.7678,0.84471,0.52895,1.26591,0.71599,1.10362,0.00090308,0.00090308,0.00090308
279,18741.6,0.79567,0.40708,0.87624,0.83759,0.77437,0.84678,0.5277,1.27764,0.69561,1.1058,0.00089912,0.00089912,0.00089912
280,18808.3,0.81796,0.40735,0.87039,0.85883,0.75542,0.84879,0.52941,1.26902,0.69636,1.10212,0.00089516,0.00089516,0.00089516
281,18875.5,0.82271,0.41582,0.88208,0.84337,0.74923,0.85143,0.53145,1.26607,0.68867,1.10028,0.0008912,0.0008912,0.0008912
282,18942.7,0.82138,0.41346,0.87514,0.86437,0.73375,0.83744,0.53168,1.24502,0.73349,1.09455,0.00088724,0.00088724,0.00088724
283,19009.7,0.81209,0.3986,0.87238,0.81449,0.74923,0.83365,0.52332,1.27237,0.72645,1.10466,0.00088328,0.00088328,0.00088328
284,19076.8,0.8381,0.41755,0.87416,0.82218,0.75232,0.8448,0.53621,1.25753,0.6818,1.10485,0.00087932,0.00087932,0.00087932
285,19143.6,0.82905,0.41631,0.88025,0.82135,0.75542,0.84319,0.52967,1.28572,0.72439,1.10708,0.00087536,0.00087536,0.00087536
286,19210.4,0.81458,0.41045,0.88602,0.83672,0.75359,0.82704,0.51746,1.27669,0.70303,1.11619,0.0008714,0.0008714,0.0008714
287,19277.3,0.87792,0.43658,0.88292,0.80584,0.80341,0.84379,0.53069,1.27913,0.6788,1.10426,0.00086744,0.00086744,0.00086744
288,19344.3,0.80475,0.42012,0.86805,0.85093,0.7678,0.85387,0.53872,1.24983,0.66011,1.0904,0.00086348,0.00086348,0.00086348
289,19411.5,0.7899,0.40915,0.87165,0.8514,0.74499,0.84104,0.52889,1.25719,0.71395,1.0954,0.00085952,0.00085952,0.00085952
290,19478.2,0.78013,0.39736,0.86844,0.86816,0.73391,0.83342,0.52725,1.25737,0.70415,1.09814,0.00085556,0.00085556,0.00085556
291,19545.8,0.78973,0.39987,0.86985,0.84099,0.75697,0.83242,0.51662,1.2667,0.67578,1.09969,0.0008516,0.0008516,0.0008516
292,19612.8,0.78765,0.39018,0.86505,0.8427,0.76006,0.84423,0.5287,1.25398,0.71278,1.08798,0.00084764,0.00084764,0.00084764
293,19679.8,0.81328,0.40539,0.86728,0.84204,0.74303,0.83633,0.52018,1.26399,0.71088,1.09984,0.00084368,0.00084368,0.00084368
294,19746.9,0.80321,0.40177,0.8722,0.82971,0.77554,0.83753,0.52929,1.2543,0.68906,1.0989,0.00083972,0.00083972,0.00083972
295,19813.6,0.78677,0.39486,0.87067,0.84519,0.76471,0.84712,0.53715,1.2603,0.70885,1.09327,0.00083576,0.00083576,0.00083576
296,19880.5,0.79498,0.39667,0.86983,0.84428,0.76377,0.83681,0.53099,1.26623,0.70416,1.09828,0.0008318,0.0008318,0.0008318
297,19947.8,0.80507,0.40118,0.87676,0.82396,0.797,0.84873,0.53932,1.24175,0.68516,1.09278,0.00082784,0.00082784,0.00082784
298,20014.7,0.77785,0.38618,0.86675,0.81135,0.77894,0.84014,0.53226,1.24757,0.67998,1.09028,0.00082388,0.00082388,0.00082388
299,20081.8,0.79059,0.40367,0.8541,0.80156,0.78947,0.84006,0.52432,1.2683,0.67396,1.10132,0.00081992,0.00081992,0.00081992
300,20148.7,0.77906,0.38845,0.87474,0.80792,0.77482,0.84207,0.53349,1.28328,0.72894,1.09875,0.00081596,0.00081596,0.00081596
301,20215.7,0.77528,0.38959,0.86361,0.80869,0.78793,0.84438,0.53454,1.24792,0.70604,1.08722,0.000812,0.000812,0.000812
302,20282.5,0.78872,0.39563,0.86209,0.86319,0.74768,0.84275,0.5379,1.24048,0.69049,1.08336,0.00080804,0.00080804,0.00080804
303,20349.5,0.78086,0.38938,0.87021,0.83043,0.7709,0.84904,0.52572,1.2632,0.69469,1.09675,0.00080408,0.00080408,0.00080408
304,20416.6,0.78342,0.38379,0.86344,0.84642,0.76006,0.84746,0.52984,1.27622,0.69796,1.09953,0.00080012,0.00080012,0.00080012
305,20483.5,0.75435,0.38106,0.8588,0.83727,0.76625,0.84374,0.52865,1.26097,0.69397,1.0946,0.00079616,0.00079616,0.00079616
306,20550.6,0.77299,0.38335,0.8583,0.85816,0.75851,0.84876,0.52723,1.22953,0.67535,1.08234,0.0007922,0.0007922,0.0007922
307,20617.7,0.76575,0.38526,0.86458,0.84311,0.75697,0.8489,0.53629,1.23707,0.68311,1.08795,0.00078824,0.00078824,0.00078824
308,20684.7,0.77531,0.38697,0.85918,0.83417,0.79426,0.85139,0.53324,1.24497,0.65437,1.09008,0.00078428,0.00078428,0.00078428
309,20751.8,0.74319,0.37914,0.85612,0.81997,0.79102,0.84918,0.53434,1.24995,0.67084,1.08957,0.00078032,0.00078032,0.00078032
310,20818.6,0.75235,0.37637,0.86332,0.85257,0.75193,0.84285,0.53229,1.2577,0.687,1.09663,0.00077636,0.00077636,0.00077636
311,20885.7,0.75596,0.37872,0.85848,0.85451,0.74303,0.84325,0.53808,1.22818,0.68764,1.09166,0.0007724,0.0007724,0.0007724
312,20952.5,0.77498,0.38629,0.86526,0.85549,0.76058,0.84924,0.53734,1.23533,0.68282,1.08754,0.00076844,0.00076844,0.00076844
313,21019.5,0.76885,0.37832,0.85819,0.83125,0.76316,0.84007,0.53717,1.25482,0.71362,1.08958,0.00076448,0.00076448,0.00076448
314,21086.6,0.76669,0.37812,0.84843,0.83997,0.76377,0.83966,0.52499,1.2593,0.68266,1.09682,0.00076052,0.00076052,0.00076052
315,21153.6,0.78266,0.38741,0.86752,0.85649,0.73375,0.8355,0.53186,1.26257,0.70355,1.10098,0.00075656,0.00075656,0.00075656
316,21220.9,0.77555,0.38288,0.8584,0.84316,0.7573,0.84471,0.5397,1.23746,0.69523,1.08812,0.0007526,0.0007526,0.0007526
317,21288,0.74582,0.37895,0.86009,0.82632,0.79567,0.84663,0.5403,1.23278,0.67927,1.08456,0.00074864,0.00074864,0.00074864
318,21355.2,0.73941,0.37255,0.85102,0.84086,0.77702,0.84545,0.53872,1.24065,0.71328,1.08302,0.00074468,0.00074468,0.00074468
319,21422.4,0.77015,0.38605,0.86925,0.8754,0.74303,0.84714,0.54197,1.22682,0.68718,1.0822,0.00074072,0.00074072,0.00074072
